Player,Pos,Age,Tm,G,MP,3P,2P,FT,AST,STL,BLK,PF,PTS
Precious Achiuwa,PF-C,24,TOT,74,1624,26,209,69,97,46,68,143,565
Precious Achiuwa,C,24,TOR,25,437,13,65,24,44,16,12,40,193
Precious Achiuwa,PF,24,NYK,49,1187,13,144,45,53,30,56,103,372
Bam Adebayo,C,26,MIA,71,2416,15,515,292,278,81,66,159,1367
Ochai Agbaji,SG,23,TOT,78,1641,62,116,37,83,47,44,117,455
Ochai Agbaji,SG,23,UTA,51,1003,47,59,15,47,27,29,66,274
Ochai Agbaji,SG,23,TOR,27,638,15,57,22,36,20,15,51,181
Santi Aldama,PF,23,MEM,61,1618,106,141,54,138,43,54,89,654
Nickeil Alexander-Walker,SG,25,MIN,82,1921,131,105,52,204,64,42,143,655
Grayson Allen,SG,28,PHO,75,2513,205,135,129,227,69,45,157,1014
Jarrett Allen,C,25,CLE,77,2442,0,519,233,210,53,81,147,1271
Timmy Allen,SF,24,MEM,5,125,0,6,1,5,4,0,18,13
Jose Alvarado,PG,25,NOP,56,1028,78,64,35,117,59,15,89,397
Kyle Anderson,PF,30,MIN,79,1782,11,188,97,331,71,47,128,506
Giannis Antetokounmpo,PF,29,MIL,73,2567,34,803,514,476,87,79,210,2222
Thanasis Antetokounmpo,PF,31,MIL,34,155,0,16,0,17,7,4,24,32
Cole Anthony,PG,23,ORL,81,1817,93,239,180,236,64,37,175,937
OG Anunoby,SF,26,TOT,50,1702,102,180,67,107,68,36,119,733
OG Anunoby,SF,26,TOR,27,900,61,96,33,72,28,13,62,408
OG Anunoby,SF,26,NYK,23,802,41,84,34,35,40,23,57,325
Ryan Arcidiacono,PG,29,NYK,20,45,0,0,0,4,2,0,5,0
Deni Avdija,SF,23,WAS,75,2257,88,318,202,286,60,36,185,1102
Deandre Ayton,C,25,POR,55,1784,1,426,65,90,56,42,109,920
Udoka Azubuike,C,24,PHO,16,113,0,16,3,3,1,6,17,35
Ibou Badji,C,21,POR,22,226,0,14,6,13,3,20,46,34
Marvin Bagley III,C,24,TOT,50,1053,9,230,96,55,20,33,81,583
Marvin Bagley III,C,24,DET,26,478,1,106,50,27,5,14,40,265
Marvin Bagley III,C,24,WAS,24,575,8,124,46,28,15,19,41,318
Player,Pos,Age,Tm,G,MP,3P,2P,FT,AST,STL,BLK,PF,PTS
Amari Bailey,PG,19,CHO,10,65,1,7,6,7,3,0,2,23
Patrick Baldwin Jr.,SF,21,WAS,38,493,31,28,19,29,18,15,56,168
LaMelo Ball,PG,22,CHO,22,711,70,113,90,176,40,4,79,526
Mo Bamba,C,25,PHI,57,740,25,72,34,41,22,60,101,253
Paolo Banchero,PF,21,ORL,80,2799,119,521,405,431,71,47,153,1804
Desmond Bane,SG,25,MEM,42,1443,137,223,140,230,43,22,120,997
Dalano Banton,PG,24,TOT,54,1047,59,143,94,127,33,20,64,557
Dalano Banton,PG,24,BOS,24,171,2,17,16,19,5,3,20,56
Dalano Banton,PG,24,POR,30,876,57,126,78,108,28,17,44,501
Dominick Barlow,PF,20,SAS,33,420,3,53,29,36,12,14,47,144
Harrison Barnes,PF,31,SAC,82,2381,149,198,157,99,54,12,98,1000
Scottie Barnes,SG,22,TOR,60,2094,101,346,196,363,75,88,118,1191
RJ Barrett,SG,23,TOT,58,1838,90,346,208,193,31,22,129,1170
RJ Barrett,SG,23,NYK,26,766,43,121,103,63,12,9,45,474
RJ Barrett,SG,23,TOR,32,1072,47,225,105,130,19,13,84,696
Charles Bassey,C,23,SAS,19,205,0,29,5,21,8,17,31,63
Emoni Bates,SF,20,CLE,15,133,10,5,1,10,1,2,5,41
Keita Bates-Diop,SF,28,TOT,53,665,21,51,32,38,25,22,35,197
Keita Bates-Diop,SF,28,PHO,39,597,20,44,26,34,22,20,33,174
Keita Bates-Diop,SF,28,BRK,14,68,1,7,6,4,3,2,2,23
Nicolas Batum,PF,35,TOT,60,1529,73,43,15,128,48,38,109,320
Nicolas Batum,PF,35,LAC,3,54,2,1,0,5,3,4,5,8
Nicolas Batum,PF,35,PHI,57,1475,71,42,15,123,45,34,104,312
Darius Bazley,PF,23,TOT,9,152,2,16,10,7,6,7,3,48
Darius Bazley,PF,23,PHI,3,10,0,0,0,2,0,0,0,0
Darius Bazley,PF,23,UTA,6,142,2,16,10,5,6,7,3,48
Bradley Beal,SG,30,PHO,53,1767,101,276,109,265,52,27,127,964
Malik Beasley,SG,27,MIL,79,2337,224,96,25,108,59,9,158,889
MarJon Beauchamp,SF,23,MIL,48,608,30,51,19,31,13,7,54,211
Jules Bernard,SG,24,WAS,19,149,11,18,5,16,3,1,14,74
Player,Pos,Age,Tm,G,MP,3P,2P,FT,AST,STL,BLK,PF,PTS
Dāvis Bertāns,PF,31,TOT,43,674,76,16,30,35,26,12,56,290
Dāvis Bertāns,PF,31,OKC,15,91,10,0,14,9,3,3,10,44
Dāvis Bertāns,PF,31,CHO,28,583,66,16,16,26,23,9,46,246
Patrick Beverley,PG,35,TOT,73,1462,61,97,74,212,43,31,128,451
Patrick Beverley,PG,35,PHI,47,919,35,69,51,144,24,18,83,294
Patrick Beverley,PG,35,MIL,26,543,26,28,23,68,19,13,45,157
Saddiq Bey,SF,24,ATL,63,2062,113,177,170,92,51,11,88,863
Goga Bitadze,C,24,ORL,62,957,2,124,57,79,32,72,107,311
Onuralp Bitim,SG,24,CHI,23,268,12,20,4,13,3,2,24,80
Bismack Biyombo,C,31,TOT,40,791,0,74,26,53,11,37,89,174
Bismack Biyombo,C,31,MEM,30,718,0,67,22,51,10,34,82,156
Bismack Biyombo,C,31,OKC,10,73,0,7,4,2,1,3,7,18
Anthony Black,PG,20,ORL,69,1164,37,78,49,91,35,21,110,316
Leaky Black,SF,24,CHO,26,284,9,16,10,24,8,11,19,69
Buddy Boeheim,SF,24,DET,10,84,8,1,8,3,0,1,5,34
Bogdan Bogdanović,SG,31,ATL,79,2401,240,231,151,247,96,26,179,1333
Bojan Bogdanović,SF-PF,34,TOT,57,1478,133,176,117,97,30,5,95,868
Bojan Bogdanović,PF,34,DET,28,921,86,113,81,71,23,4,57,565
Bojan Bogdanović,SF,34,NYK,29,557,47,63,36,26,7,1,38,303
Bol Bol,PF,24,PHO,43,469,22,71,15,17,10,25,42,223
Marques Bolden,C,25,TOT,11,121,0,17,3,4,3,7,10,37
Marques Bolden,C,25,MIL,2,3,0,0,0,0,0,0,1,0
Marques Bolden,C,25,CHO,9,118,0,17,3,4,3,7,9,37
Devin Booker,PG,27,PHO,68,2447,152,490,405,472,61,28,206,1841
Brandon Boston Jr.,SF,22,LAC,32,345,14,51,23,13,11,8,40,167
Chris Boucher,PF,31,TOR,50,705,31,79,71,23,14,24,68,322
James Bouknight,SG,23,CHO,14,81,13,5,1,6,1,1,3,50
Jamaree Bouyea,PG,24,TOT,9,95,1,9,0,11,1,0,10,21
Jamaree Bouyea,PG,24,POR,6,57,0,5,0,8,0,0,3,10
Jamaree Bouyea,PG,24,SAS,3,38,1,4,0,3,1,0,7,11
Malaki Branham,PG,20,SAS,75,1594,93,178,55,156,27,8,94,690
Christian Braun,SG,22,DEN,82,1655,63,159,93,132,42,35,137,600
Player,Pos,Age,Tm,G,MP,3P,2P,FT,AST,STL,BLK,PF,PTS
Mikal Bridges,SF,27,BRK,82,2854,220,344,258,299,81,30,116,1606
Miles Bridges,SF,25,CHO,69,2581,157,402,174,231,65,33,118,1449
Oshae Brissett,SF,25,BOS,55,630,15,53,50,44,19,8,54,201
Izaiah Brockington,PG,24,NOP,1,3,0,2,0,0,0,0,0,4
Malcolm Brogdon,PG,31,POR,39,1121,82,136,95,214,27,8,58,613
Armoni Brooks,PG,25,BRK,10,104,11,4,1,5,1,1,3,42
Dillon Brooks,SF,28,HOU,72,2227,133,196,124,119,64,10,241,915
Bruce Brown,PG-SG,27,TOT,67,1866,53,225,117,192,59,17,148,726
Bruce Brown,SG,27,IND,33,981,33,116,67,100,35,8,81,398
Bruce Brown,PG,27,TOR,34,885,20,109,50,92,24,9,67,328
Charlie Brown Jr.,SG,26,NYK,8,37,2,0,0,0,0,2,5,6
Greg Brown III,PF,22,DAL,6,40,1,4,4,4,0,4,5,15
Jaylen Brown,SF,27,BOS,70,2343,145,482,211,249,83,37,185,1610
Kendall Brown,SG,20,IND,15,63,0,8,5,5,0,0,9,21
Kobe Brown,PF,24,LAC,44,394,14,23,1,25,12,6,49,89
Moses Brown,C,24,POR,22,200,0,33,9,7,5,7,27,75
Troy Brown Jr.,SF,24,TOT,59,827,47,37,32,60,24,3,42,247
Troy Brown Jr.,SF,24,MIN,37,410,31,21,19,35,8,2,26,154
Troy Brown Jr.,SF,24,DET,22,417,16,16,13,25,16,1,16,93
Jalen Brunson,PG,27,NYK,77,2726,211,579,421,519,70,13,144,2212
Thomas Bryant,C,26,MIA,38,441,4,82,41,23,10,16,46,217
Kobe Bufkin,SG,20,ATL,17,196,9,25,4,27,7,5,20,81
Reggie Bullock,SF,32,HOU,44,417,27,7,1,15,12,5,29,96
Alec Burks,SG,32,TOT,66,1212,124,86,145,88,28,12,75,689
Alec Burks,SG,32,DET,43,901,99,61,121,68,21,11,64,540
Alec Burks,SG,32,NYK,23,311,25,25,24,20,7,1,11,149
Player,Pos,Age,Tm,G,MP,3P,2P,FT,AST,STL,BLK,PF,PTS
Jared Butler,SG,23,WAS,40,566,24,74,31,126,29,8,58,251
Jimmy Butler,PF,34,MIA,60,2042,60,336,394,298,79,17,68,1246
Jamal Cain,PF,24,MIA,26,259,11,23,18,10,10,5,22,97
Kentavious Caldwell-Pope,SG,30,DEN,76,2402,125,145,101,183,98,42,151,766
Toumani Camara,PF,23,POR,70,1739,58,139,75,87,66,33,174,527
Clint Capela,C,29,ATL,73,1883,0,353,130,91,43,106,164,836
Jevon Carter,PG,28,CHI,72,1004,77,61,4,94,37,16,71,357
Wendell Carter Jr.,C,24,ORL,55,1406,64,159,93,95,35,28,121,603
D.J. Carton,SG,23,TOR,4,36,1,2,4,3,1,0,3,11
Alex Caruso,SG,29,CHI,71,2040,136,117,73,247,120,70,181,715
Colin Castleton,C,23,LAL,16,59,0,9,6,3,2,0,11,24
Malcolm Cazalon,SG,22,DET,1,3,0,0,0,0,0,0,0,0
Julian Champagnie,SF,22,SAS,74,1468,101,63,75,103,48,42,77,504
Justin Champagnie,SF,22,WAS,15,235,13,19,12,19,10,9,14,89
Max Christie,SG,20,LAL,67,944,42,61,36,60,20,17,57,284
Sidy Cissoko,SF,19,SAS,12,141,1,15,12,10,7,3,18,45
Brandon Clarke,PF,27,MEM,6,134,1,32,1,9,5,6,8,68
Jordan Clarkson,SG,31,UTA,55,1682,91,246,177,277,35,6,81,942
Nic Claxton,C,24,BRK,71,2116,1,365,108,147,46,146,175,841
Noah Clowney,PF,19,BRK,23,370,12,38,21,18,8,16,25,133
Player,Pos,Age,Tm,G,MP,3P,2P,FT,AST,STL,BLK,PF,PTS
Amir Coffey,SF,26,LAC,70,1460,70,96,61,76,41,14,102,463
John Collins,PF,26,UTA,68,1901,86,311,147,77,40,61,191,1027
Zach Collins,C,26,SAS,69,1526,58,240,122,194,34,52,206,776
Mike Conley,PG,36,MIN,76,2193,179,115,102,449,88,17,128,869
Pat Connaughton,SF,31,MIL,76,1676,82,69,44,161,40,19,99,428
Bilal Coulibaly,SF,19,WAS,63,1715,64,124,92,110,57,48,137,532
Ricky Council IV,SG,22,PHI,32,289,12,42,53,16,8,1,17,173
Robert Covington,SF-PF,33,TOT,29,488,19,24,22,24,39,18,56,127
Robert Covington,PF,33,LAC,3,69,2,1,1,7,6,2,7,9
Robert Covington,SF,33,PHI,26,419,17,23,21,17,33,16,49,118
Torrey Craig,SF,33,CHI,53,1049,60,48,27,58,30,21,110,303
Jae Crowder,PF,33,MIL,50,1156,58,56,26,66,38,9,74,312
Jalen Crutcher,PG,24,NOP,1,3,0,0,0,0,0,0,0,0
Cade Cunningham,PG,22,DET,62,2074,119,405,238,464,56,22,153,1405
Seth Curry,SG,33,TOT,44,616,38,42,28,44,22,6,39,226
Seth Curry,SG,33,DAL,36,457,29,25,17,30,17,3,32,154
Seth Curry,SG,33,CHO,8,159,9,17,11,14,5,3,7,72
Stephen Curry,PG,35,GSW,74,2421,357,293,299,379,54,28,117,1956
Dyson Daniels,PG,20,NOP,61,1358,42,97,34,164,85,25,101,354
Anthony Davis,C,30,LAL,76,2700,29,684,421,266,91,178,177,1876
Johnny Davis,SG,21,WAS,50,613,14,48,14,32,18,10,57,152
JD Davison,SG,21,BOS,8,39,3,2,3,10,1,1,4,16
Dexter Dennis,SG,24,DAL,4,30,1,9,1,4,0,1,1,22
DeMar DeRozan,SF,34,CHI,79,2989,75,575,522,421,90,45,161,1897
Player,Pos,Age,Tm,G,MP,3P,2P,FT,AST,STL,BLK,PF,PTS
Moussa Diabaté,C,22,LAC,11,64,0,10,9,4,5,1,4,29
Mamadi Diakite,PF,27,TOT,6,24,0,4,4,2,1,1,2,12
Mamadi Diakite,PF,27,SAS,3,16,0,4,4,2,0,1,1,12
Mamadi Diakite,PF,27,NYK,3,8,0,0,0,0,1,0,1,0
Hamidou Diallo,SG,25,WAS,2,5,0,1,0,1,2,0,1,2
Gradey Dick,SG,20,TOR,60,1268,88,101,44,68,34,2,87,510
Ousmane Dieng,PF,20,OKC,33,365,21,28,14,37,8,5,22,133
Spencer Dinwiddie,PG,30,TOT,76,2152,124,127,169,356,51,22,138,795
Spencer Dinwiddie,PG,30,BRK,48,1474,89,106,125,288,38,9,86,604
Spencer Dinwiddie,PG,30,LAL,28,678,35,21,44,68,13,13,52,191
Donte DiVincenzo,SG,27,NYK,81,2360,283,162,86,216,107,36,166,1259
Luka Dončić,PG,24,DAL,70,2624,284,520,478,686,99,38,149,2370
Luguentz Dort,SF,24,OKC,79,2246,156,132,128,113,72,47,228,860
Ayo Dosunmu,SG,24,CHI,76,2212,119,241,85,242,68,36,166,924
Jeff Dowtin,PG,26,PHI,12,142,9,11,3,27,7,1,1,52
Henri Drell,SF,23,CHI,4,30,2,2,1,4,2,1,6,11
Andre Drummond,C,30,CHI,79,1351,0,267,129,37,73,48,140,663
Chris Duarte,SF,26,SAC,59,719,44,36,26,44,28,8,80,230
David Duke Jr.,SG,24,SAS,4,51,3,7,3,5,2,0,4,26
Kris Dunn,PG,29,UTA,66,1249,41,106,22,254,68,28,135,357
Kevin Durant,PF,35,PHO,75,2791,168,583,362,378,69,91,133,2032
Jalen Duren,C,20,DET,61,1777,0,349,143,147,33,47,192,841
Tari Eason,PF,22,HOU,22,480,18,70,21,27,31,19,51,215
Anthony Edwards,SG,22,MIN,79,2770,190,528,423,405,101,42,141,2049
Player,Pos,Age,Tm,G,MP,3P,2P,FT,AST,STL,BLK,PF,PTS
Kessler Edwards,SF,23,SAC,54,275,20,14,5,15,10,4,26,93
Keon Ellis,SG,24,SAC,57,978,70,37,26,85,51,29,112,310
Joel Embiid,C,29,PHI,39,1309,54,396,399,219,46,66,112,1353
Drew Eubanks,C,26,PHO,75,1169,3,149,72,63,27,61,115,379
Tosan Evbuomwan,SF,22,TOT,17,367,12,24,17,16,6,5,23,101
Tosan Evbuomwan,SF,22,MEM,4,74,2,2,0,6,0,1,5,10
Tosan Evbuomwan,SF,22,DET,13,293,10,22,17,10,6,4,18,91
Dante Exum,PG,28,DAL,55,1088,53,108,53,157,22,5,85,428
Bruno Fernando,C,25,ATL,45,682,0,109,64,46,25,28,107,282
Dorian Finney-Smith,PF,30,BRK,68,1934,117,98,33,107,56,38,150,580
Adam Flagler,SG,24,OKC,2,14,1,0,0,4,0,0,0,3
Malachi Flynn,PG,25,TOT,69,876,56,80,52,130,38,8,66,380
Malachi Flynn,PG,25,TOR,31,474,28,28,17,73,18,6,42,157
Malachi Flynn,PG,25,NYK,14,60,4,5,9,6,1,0,3,31
Malachi Flynn,PG,25,DET,24,342,24,47,26,51,19,2,21,192
Simone Fontecchio,SF,28,TOT,66,1644,134,118,54,101,44,23,110,692
Simone Fontecchio,SF,28,UTA,50,1160,91,70,32,73,30,18,81,445
Simone Fontecchio,SF,28,DET,16,484,43,48,22,28,14,5,29,247
Jordan Ford,PG,25,SAC,6,22,2,2,2,2,0,0,0,12
Trent Forrest,SG,25,ATL,38,414,2,32,13,92,11,3,25,83
Evan Fournier,SG,31,TOT,32,580,33,46,29,48,29,7,48,220
Evan Fournier,SG,31,NYK,3,39,2,2,2,3,4,0,4,12
Evan Fournier,SG,31,DET,29,541,31,44,27,45,25,7,44,208
De'Aaron Fox,PG,26,SAC,74,2659,214,506,312,418,150,31,193,1966
Javon Freeman-Liberty,PG,24,TOR,22,403,10,45,33,40,10,4,28,153
Alex Fudge,SF,20,TOT,6,40,1,5,2,0,3,0,2,15
Alex Fudge,SF,20,LAL,4,14,0,1,2,0,0,0,1,4
Alex Fudge,SF,20,DAL,2,26,1,4,0,0,3,0,1,11
Markelle Fultz,PG,25,ORL,43,910,4,150,23,120,42,15,65,335
Andrew Funk,SG,24,CHI,5,13,0,0,0,0,1,1,0,0
Wenyen Gabriel,PF,26,MEM,5,81,1,7,0,3,2,2,10,17
Player,Pos,Age,Tm,G,MP,3P,2P,FT,AST,STL,BLK,PF,PTS
Daniel Gafford,C-PF,25,TOT,74,1815,0,348,118,115,65,153,227,814
Daniel Gafford,C,25,WAS,45,1192,0,203,84,69,44,97,147,490
Daniel Gafford,PF,25,DAL,29,623,0,145,34,46,21,56,80,324
Danilo Gallinari,PF-SF,35,TOT,49,630,30,53,84,55,14,6,50,280
Danilo Gallinari,PF,35,WAS,26,385,20,37,47,31,6,3,26,181
Danilo Gallinari,SF,35,DET,6,90,7,5,21,12,2,2,9,52
Danilo Gallinari,SF,35,MIL,17,155,3,11,16,12,6,1,15,47
Darius Garland,PG,24,CLE,57,1901,132,243,146,373,74,7,95,1028
Usman Garuba,PF,21,GSW,6,18,0,1,1,1,1,3,2,3
Luka Garza,C,25,MIN,25,122,9,27,18,4,4,1,24,99
Kaiser Gates,SF,27,NOP,1,7,0,0,0,0,0,0,0,0
Keyonte George,PG,20,UTA,75,2023,147,172,189,332,36,7,91,974
Paul George,PF,33,LAC,74,2502,243,339,264,262,113,37,202,1671
Taj Gibson,PF,38,TOT,20,204,2,13,2,11,3,7,31,34
Taj Gibson,PF,38,NYK,16,165,0,7,2,9,2,6,28,16
Taj Gibson,PF,38,DET,4,39,2,6,0,2,1,1,3,18
Josh Giddey,SG,21,OKC,80,2011,82,320,100,386,51,44,111,986
Harry Giles,C,25,TOT,23,100,3,20,7,6,2,3,15,56
Harry Giles,C,25,BRK,16,81,3,19,7,6,1,3,15,54
Harry Giles,C,25,LAL,7,19,0,1,0,0,1,0,0,2
Shai Gilgeous-Alexander,PG,25,OKC,75,2553,95,701,567,465,150,67,184,2254
Anthony Gill,PF,31,WAS,50,466,10,65,29,34,13,11,48,189
Collin Gillespie,PG,24,DEN,24,225,15,17,8,27,13,0,24,87
Jacob Gilyard,PG,25,TOT,41,699,51,9,2,137,33,5,39,173
Jacob Gilyard,PG,25,MEM,37,654,51,9,2,131,27,5,35,173
Jacob Gilyard,PG,25,BRK,4,45,0,0,0,6,6,0,4,0
Rudy Gobert,C,31,MIN,76,2593,0,406,249,102,52,162,238,1061
Jordan Goodwin,PG,25,TOT,57,1055,42,99,44,155,48,18,76,368
Jordan Goodwin,PG,25,PHO,40,558,23,52,25,78,23,9,43,198
Jordan Goodwin,PG,25,MEM,17,497,19,47,19,77,25,9,33,170
Aaron Gordon,PF,28,DEN,73,2297,40,358,177,259,56,45,142,1013
Eric Gordon,SG,35,PHO,68,1893,150,124,51,139,66,30,79,749
Devonte' Graham,PG,28,SAS,23,313,25,13,13,49,9,2,14,114
Player,Pos,Age,Tm,G,MP,3P,2P,FT,AST,STL,BLK,PF,PTS
Jerami Grant,PF,29,POR,54,1830,111,272,255,152,45,34,117,1132
RaiQuan Gray,PF,24,SAS,3,39,3,7,0,6,1,1,0,23
A.J. Green,SG,24,MIL,56,614,69,14,17,30,9,4,49,252
Danny Green,SG,36,PHI,2,18,0,0,0,1,1,0,1,0
Draymond Green,PF,33,GSW,55,1490,51,134,54,332,55,47,166,475
Jalen Green,SG,21,HOU,82,2601,201,362,283,291,66,28,115,1610
Javonte Green,SF,30,CHI,9,230,10,35,10,5,10,8,19,110
Jeff Green,PF,37,HOU,78,1307,53,114,122,70,16,31,100,509
Josh Green,SG,23,DAL,57,1505,72,107,39,130,47,9,107,469
AJ Griffin,SF,20,ATL,20,171,10,8,2,5,1,2,6,48
Quentin Grimes,SG,23,TOT,51,1025,81,41,34,66,35,7,75,359
Quentin Grimes,SG,23,NYK,45,910,77,36,24,52,30,3,66,327
Quentin Grimes,SG,23,DET,6,115,4,5,10,14,5,4,9,32
Mouhamadou Gueye,PF,25,TOR,11,120,0,11,4,5,3,18,15,26
Mouhamed Gueye,PF,21,ATL,6,73,3,5,5,4,5,4,13,24
Rui Hachimura,PF,25,LAL,68,1826,98,265,99,81,41,25,101,923
Ashton Hagans,PG,24,POR,19,316,8,21,14,54,11,9,40,80
Tyrese Haliburton,PG,23,IND,69,2224,195,305,194,752,83,48,75,1389
R.J. Hampton,PG,22,MIA,8,76,1,3,1,8,0,0,8,10
Tim Hardaway Jr.,SF,31,DAL,79,2120,211,181,144,139,42,6,106,1139
James Harden,PG,34,LAC,72,2470,186,166,302,614,77,57,127,1192
Jaden Hardy,SG,21,DAL,73,989,81,114,59,109,22,4,80,530
Player,Pos,Age,Tm,G,MP,3P,2P,FT,AST,STL,BLK,PF,PTS
Ron Harper Jr.,PF,23,TOR,1,4,0,0,0,1,0,0,2,0
Gary Harris,SG,29,ORL,54,1297,76,55,34,87,49,14,91,372
Joe Harris,SG,32,DET,16,170,10,4,1,10,3,2,19,39
Kevon Harris,SG,26,ORL,2,6,0,2,0,1,0,0,3,4
Tobias Harris,PF,31,PHI,70,2368,91,372,187,217,70,46,115,1204
Shaquille Harrison,SG,30,MEM,3,6,0,1,0,0,0,1,0,2
Josh Hart,SF,28,NYK,81,2707,80,215,91,331,75,23,171,761
Isaiah Hartenstein,C,25,NYK,75,1896,1,234,111,188,87,85,210,582
Sam Hauser,SF,26,BOS,79,1741,197,52,17,82,40,25,99,712
Jordan Hawkins,SG,21,NOP,67,1160,109,65,67,70,19,7,72,524
Jaxson Hayes,C,23,LAL,70,877,0,126,51,33,34,29,123,303
Killian Hayes,PG,22,DET,42,1008,22,95,33,205,36,20,75,289
Gordon Hayward,SF,33,TOT,51,1245,37,150,89,158,40,13,67,500
Gordon Hayward,SF,33,CHO,25,798,22,117,62,116,28,12,46,362
Gordon Hayward,SF,33,OKC,26,447,15,33,27,42,12,1,21,138
Scoot Henderson,PG,19,POR,62,1765,87,220,167,336,48,13,195,868
Taylor Hendricks,PF,20,UTA,40,856,53,55,23,32,28,30,77,292
Tyler Herro,SG,24,MIA,42,1407,132,192,95,188,30,3,63,875
Buddy Hield,SF-SG,31,TOT,84,2160,219,152,52,236,70,42,169,1013
Buddy Hield,SF,31,IND,52,1336,137,92,28,139,43,31,103,623
Buddy Hield,SG,31,PHI,32,824,82,60,24,97,27,11,66,390
Haywood Highsmith,PF,27,MIA,66,1366,76,77,23,70,53,30,117,405
Nate Hinton,SG,24,HOU,15,75,7,4,4,10,3,2,11,33
D'Moi Hodge,SG,25,LAL,7,41,3,2,1,5,1,1,4,14
Player,Pos,Age,Tm,G,MP,3P,2P,FT,AST,STL,BLK,PF,PTS
Aaron Holiday,PG,27,HOU,78,1269,84,102,58,140,42,6,125,514
Jrue Holiday,PG,33,BOS,69,2263,138,193,60,333,61,53,108,860
Justin Holiday,SG,34,DEN,58,862,55,33,3,67,36,9,69,234
Richaun Holmes,C-PF,30,TOT,40,555,1,81,34,25,11,19,74,199
Richaun Holmes,C,30,DAL,23,237,0,33,12,15,3,9,33,78
Richaun Holmes,PF,30,WAS,17,318,1,48,22,10,8,10,41,121
Chet Holmgren,C,21,OKC,82,2413,129,376,218,200,53,190,197,1357
Jalen Hood-Schifino,SG,20,LAL,21,109,2,8,12,8,3,2,13,34
Al Horford,C,37,BOS,65,1740,108,106,26,168,38,62,93,562
Talen Horton-Tucker,PG,23,UTA,51,1009,60,124,88,177,45,19,94,516
Danuel House Jr.,SF,30,PHI,34,509,15,32,35,28,15,5,45,144
Caleb Houstan,SF,21,ORL,59,815,72,8,21,29,15,4,61,253
Jett Howard,SF,20,ORL,18,67,7,3,2,6,2,2,4,29
Kevin Huerter,SG,25,SAC,64,1562,123,125,36,166,45,23,135,655
Jay Huff,C,25,DEN,20,49,3,6,2,2,2,3,9,23
De'Andre Hunter,SF,26,ATL,57,1681,117,187,166,87,40,16,146,891
Matthew Hurt,PF,23,MEM,8,113,5,7,3,4,3,3,8,32
Bones Hyland,PG,23,LAC,37,540,44,53,18,93,26,4,51,256
Joe Ingles,SF,36,ORL,68,1169,70,29,28,203,43,5,88,296
Brandon Ingram,SF,26,NOP,64,2103,86,414,246,363,50,40,145,1332
Kyrie Irving,SG,31,DAL,58,2030,173,389,190,299,74,28,112,1487
Jonathan Isaac,PF,26,ORL,58,914,42,104,59,30,43,70,64,393
Player,Pos,Age,Tm,G,MP,3P,2P,FT,AST,STL,BLK,PF,PTS
Jaden Ivey,SG,21,DET,77,2217,124,293,227,296,57,41,204,1185
Andre Jackson Jr.,SG,22,MIL,57,572,17,33,8,50,16,6,92,125
GG Jackson II,PF,19,MEM,48,1233,102,139,115,59,28,24,64,699
Isaiah Jackson,C,22,IND,59,771,0,155,73,50,34,61,137,383
Jaren Jackson Jr.,C,24,MEM,66,2124,117,399,337,154,80,106,235,1486
Justin Jackson,SF,28,MIN,2,1,0,0,0,0,0,0,0,0
Quenton Jackson,PG,25,IND,3,11,0,0,2,2,1,0,1,2
Reggie Jackson,PG,33,DEN,82,1817,102,224,79,308,44,13,149,833
Trayce Jackson-Davis,PF,23,GSW,68,1130,0,233,74,82,29,76,108,540
LeBron James,PF,39,LAL,71,2504,149,536,303,589,89,38,78,1822
Jaime Jaquez Jr.,SF,22,MIA,75,2113,65,276,142,195,77,20,167,889
DeJon Jarreau,SG,26,MEM,9,150,4,13,5,26,6,2,14,43
DaQuan Jeffries,SG,26,NYK,17,46,2,4,0,5,0,1,2,14
Trey Jemison,C,24,TOT,25,573,0,75,21,27,12,28,69,171
Trey Jemison,C,24,WAS,2,1,0,0,0,0,0,0,0,0
Trey Jemison,C,24,MEM,23,572,0,75,21,27,12,28,69,171
Ty Jerome,SG,26,CLE,2,15,0,2,0,3,0,0,2,4
Isaiah Joe,SG,24,OKC,78,1445,147,75,45,99,46,22,87,636
Cameron Johnson,PF,27,BRK,58,1599,138,138,86,138,49,15,105,776
Jalen Johnson,SF,22,ATL,56,1889,71,288,107,203,67,47,133,896
James Johnson,PF,36,IND,9,47,0,3,2,8,5,1,9,8
Keldon Johnson,SF,24,SAS,69,2038,127,264,175,195,51,20,149,1084
Player,Pos,Age,Tm,G,MP,3P,2P,FT,AST,STL,BLK,PF,PTS
Keon Johnson,SG,21,BRK,5,61,4,4,11,3,3,1,5,31
Keyontae Johnson,SF,23,OKC,9,66,1,4,0,4,1,0,5,11
Nikola Jokić,C,28,DEN,79,2737,83,739,358,708,108,68,194,2085
Colby Jones,SG,21,SAC,30,192,2,26,6,20,7,5,29,64
Damian Jones,C,28,CLE,39,270,3,40,18,15,7,13,27,107
Derrick Jones Jr.,SF,26,DAL,76,1783,82,157,97,75,53,51,121,657
Herbert Jones,SF,25,NOP,76,2321,114,179,137,199,105,62,224,837
Mason Jones,SG,25,SAC,5,28,2,0,1,5,1,0,3,7
Tre Jones,PG,24,SAS,77,2138,64,239,101,478,78,9,92,771
Tyus Jones,PG,27,WAS,66,1933,106,220,32,485,71,18,48,790
DeAndre Jordan,C,35,DEN,36,396,0,58,26,26,6,16,56,142
Cory Joseph,PG,32,GSW,26,296,13,10,4,42,4,3,25,63
Nikola Jović,PF,20,MIA,46,896,65,62,33,90,25,14,82,352
Johnny Juzang,SG,22,UTA,20,372,32,19,10,23,4,2,29,144
Luke Kennard,SG,27,MEM,39,999,107,34,40,136,20,2,39,429
Walker Kessler,C,22,UTA,64,1493,4,225,56,60,30,154,132,518
Braxton Key,SF,26,DEN,20,60,2,5,6,9,2,1,5,22
Corey Kispert,SF,24,WAS,80,2067,184,202,114,156,41,16,141,1070
Maxi Kleber,C,32,DAL,43,871,32,31,33,68,17,30,79,191
Kevin Knox,SF,24,DET,31,560,31,55,20,23,13,7,50,223
Player,Pos,Age,Tm,G,MP,3P,2P,FT,AST,STL,BLK,PF,PTS
John Konchar,SF,27,MEM,55,1173,38,50,21,110,51,51,76,235
Furkan Korkmaz,SG,26,PHI,35,300,14,16,14,25,14,3,17,88
Luke Kornet,C,28,BOS,63,983,1,141,49,67,23,61,77,334
Vit Krejci,PG,23,ATL,22,541,28,23,5,50,13,6,48,135
Jonathan Kuminga,PF,21,GSW,74,1949,53,403,223,163,55,36,169,1188
Kyle Kuzma,PF,28,WAS,70,2281,151,457,186,296,37,49,153,1553
Jock Landale,C,28,HOU,56,763,10,96,52,65,20,33,74,274
Jake LaRavia,PF,22,MEM,35,806,53,65,90,58,29,12,69,379
Zach LaVine,SG,28,CHI,25,872,59,111,88,98,21,8,57,487
A.J. Lawson,SG,23,DAL,42,311,13,41,15,20,10,3,22,136
Saben Lee,PG,24,PHO,24,185,2,18,29,30,7,3,13,71
Alex Len,C,30,SAC,48,444,0,50,20,50,11,33,66,120
Kawhi Leonard,SF,32,LAC,68,2330,140,470,253,244,111,59,97,1613
Caris LeVert,SG,29,CLE,68,1958,108,237,154,346,76,34,121,952
Kira Lewis Jr.,PG,22,TOT,28,265,4,30,17,37,9,2,13,89
Kira Lewis Jr.,PG,22,NOP,15,144,2,14,10,18,5,1,8,44
Kira Lewis Jr.,PG,22,TOR,1,2,0,0,0,0,0,0,1,0
Kira Lewis Jr.,PG,22,UTA,12,119,2,16,7,19,4,1,4,45
Maxwell Lewis,SF,21,LAL,34,103,1,3,2,6,2,1,5,11
E.J. Liddell,PF,23,NOP,8,23,0,1,2,1,2,2,2,4
Damian Lillard,PG,33,MIL,73,2579,220,321,473,508,72,18,134,1775
Nassir Little,SF,23,PHO,45,458,21,36,17,21,10,10,39,152
Dereck Lively II,C,19,DAL,55,1294,0,221,41,60,36,77,144,483
Player,Pos,Age,Tm,G,MP,3P,2P,FT,AST,STL,BLK,PF,PTS
Isaiah Livers,PF,25,DET,23,469,22,18,12,25,13,5,43,114
Chris Livingston,SF,20,MIL,21,90,1,10,3,5,2,0,15,26
Kenneth Lofton Jr.,PF,21,TOT,21,199,7,29,17,33,6,5,24,96
Kenneth Lofton Jr.,PF,21,MEM,15,99,3,11,8,14,3,3,15,39
Kenneth Lofton Jr.,PF,21,PHI,2,9,0,1,0,0,0,0,0,2
Kenneth Lofton Jr.,PF,21,UTA,4,91,4,17,9,19,3,2,9,55
Kevon Looney,C,27,GSW,74,1195,0,139,56,133,28,29,155,334
Brook Lopez,C,35,MIL,79,2411,148,218,110,127,43,189,191,990
Robin Lopez,C,35,MIL,16,65,2,5,2,4,1,3,7,18
Kevin Love,PF,35,MIA,55,924,84,74,85,115,18,10,97,485
Kyle Lowry,PG,37,TOT,60,1690,98,65,63,253,59,21,146,487
Kyle Lowry,PG,37,MIA,37,1037,62,41,35,147,39,15,94,303
Kyle Lowry,PG,37,PHI,23,653,36,24,28,106,20,6,52,184
Seth Lundy,SF,23,ATL,9,52,3,1,3,0,0,0,6,14
Trey Lyles,PF,28,SAC,58,1158,84,59,49,72,17,19,86,419
Théo Maledon,PG,22,TOT,17,213,5,15,14,28,7,0,21,59
Théo Maledon,PG,22,CHO,13,200,5,14,11,28,7,0,18,54
Théo Maledon,PG,22,PHO,4,13,0,1,3,0,0,0,3,5
Sandro Mamukelashvili,C,24,SAS,46,451,19,54,25,49,7,12,35,190
Terance Mann,SG,27,LAC,75,1873,71,183,79,119,43,15,145,658
Tre Mann,PG,22,TOT,41,987,47,98,45,165,51,3,48,382
Tre Mann,PG,22,OKC,13,119,8,12,1,20,3,0,3,49
Tre Mann,PG,22,CHO,28,868,39,86,44,145,48,3,45,333
Boban Marjanović,C,35,HOU,14,71,0,18,9,6,1,2,5,45
Lauri Markkanen,PF,26,UTA,55,1820,175,252,249,110,50,26,100,1278
Naji Marshall,SF,26,NOP,66,1257,58,112,68,128,49,12,91,466
Caleb Martin,SF,28,MIA,64,1756,81,160,77,143,47,29,126,640
Cody Martin,SF,28,CHO,28,753,27,55,20,104,32,18,48,211
KJ Martin,SF,23,TOT,60,746,8,89,22,51,22,12,100,224
KJ Martin,SF,23,LAC,2,31,1,3,1,1,2,1,3,10
KJ Martin,SF,23,PHI,58,715,7,86,21,50,20,11,97,214
Player,Pos,Age,Tm,G,MP,3P,2P,FT,AST,STL,BLK,PF,PTS
Garrison Mathews,SG,27,ATL,66,992,85,18,34,37,20,8,115,325
Bennedict Mathurin,SF,21,IND,59,1538,80,216,184,119,35,14,117,856
Wesley Matthews,SG,37,ATL,36,413,24,10,18,23,16,11,43,110
Tyrese Maxey,PG,23,PHI,70,2626,212,426,328,433,69,33,151,1816
Skylar Mays,PG-SG,26,TOT,38,433,16,47,13,85,21,4,26,155
Skylar Mays,PG,26,POR,21,356,14,39,13,75,14,3,20,133
Skylar Mays,SG,26,LAL,17,77,2,8,0,10,7,1,6,22
Miles McBride,PG,23,NYK,68,1328,109,96,43,114,50,7,108,562
CJ McCollum,PG,32,NOP,66,2159,239,245,115,305,62,41,126,1322
T.J. McConnell,PG,31,IND,71,1291,18,312,49,390,72,8,79,727
Jaden McDaniels,SF,23,MIN,72,2105,86,221,57,101,63,42,219,757
Jalen McDaniels,SF,26,TOR,50,538,12,53,27,37,19,6,52,169
Doug McDermott,SF,32,TOT,64,904,94,29,11,70,16,2,64,351
Doug McDermott,SF,32,SAS,46,700,76,19,10,57,11,2,48,276
Doug McDermott,SF,32,IND,18,204,18,10,1,13,5,0,16,75
JaVale McGee,C,36,SAC,46,339,1,78,26,17,14,20,46,185
Bryce McGowens,SG,21,CHO,59,882,34,67,66,51,21,10,74,302
Jordan McLaughlin,PG,27,MIN,56,626,42,28,13,110,35,7,31,195
De'Anthony Melton,SG,25,PHI,38,1023,77,62,66,114,60,16,84,421
Nathan Mensah,C,25,CHO,25,307,0,12,9,9,6,14,64,33
Sam Merrill,SG,27,CLE,61,1069,143,15,26,108,19,4,72,485
Chimezie Metu,C,26,TOT,51,859,28,95,58,46,43,16,71,332
Chimezie Metu,C,26,PHO,37,448,15,51,38,19,19,9,39,185
Chimezie Metu,C,26,DET,14,411,13,44,20,27,24,7,32,147
Vasilije Micić,PG,30,TOT,60,1176,43,116,61,262,31,7,68,422
Vasilije Micić,PG,30,OKC,30,361,11,26,14,76,9,3,22,99
Vasilije Micić,PG,30,CHO,30,815,32,90,47,186,22,4,46,323
Khris Middleton,SF,32,MIL,55,1487,94,223,100,292,51,15,141,828
Player,Pos,Age,Tm,G,MP,3P,2P,FT,AST,STL,BLK,PF,PTS
Brandon Miller,SF,21,CHO,74,2383,184,292,143,175,66,42,184,1279
Jordan Miller,SF,24,LAC,8,28,1,4,2,0,0,0,2,13
Leonard Miller,SF,20,MIN,17,52,2,11,1,8,2,1,5,29
Dariq Whitehead,SF,19,BRK,2,24,0,1,1,3,0,1,0,3
Patty Mills,PG,35,TOT,32,415,24,22,11,34,20,1,32,127
Patty Mills,PG,35,ATL,19,202,13,6,0,14,9,1,17,51
Patty Mills,PG,35,MIA,13,213,11,16,11,20,11,0,15,76
Shake Milton,SG,27,TOT,48,581,18,61,40,60,19,6,54,216
Shake Milton,SG,27,MIN,38,491,14,50,36,50,16,5,44,178
Shake Milton,SG,27,DET,4,63,3,8,2,6,2,1,3,27
Shake Milton,SG,27,NYK,6,27,1,3,2,4,1,0,7,11
Justin Minaya,SF,24,POR,34,381,12,10,5,21,9,10,35,61
Josh Minott,SF,21,MIN,32,91,4,13,12,8,5,5,10,50
Davion Mitchell,PG,25,SAC,72,1101,57,89,30,134,17,3,85,379
Donovan Mitchell,SG,27,CLE,55,1942,182,321,275,333,101,30,118,1463
Evan Mobley,PF,22,CLE,50,1532,22,298,123,160,45,72,134,785
Isaiah Mobley,PF,24,CLE,10,72,3,7,0,6,2,0,6,23
Malik Monk,SG,25,SAC,72,1872,148,248,170,370,45,39,156,1110
Moses Moody,SG,21,GSW,66,1156,72,122,73,57,42,24,90,533
Xavier Moon,SG,29,LAC,14,119,2,13,1,21,3,3,8,33
Taze Moore,SG,25,POR,4,40,1,7,1,5,2,0,4,18
Wendell Moore Jr.,SG,22,MIN,25,75,0,9,0,6,5,1,5,18
Ja Morant,PG,24,MEM,9,318,14,66,52,73,7,5,19,226
Marcus Morris,PF,34,TOT,49,817,48,68,36,36,15,13,74,316
Marcus Morris,PF,34,PHI,37,637,36,54,31,26,13,11,61,247
Marcus Morris,PF,34,CLE,12,180,12,14,5,10,2,2,13,69
Markieff Morris,PF,34,DAL,26,216,15,8,5,16,5,3,12,66
Player,Pos,Age,Tm,G,MP,3P,2P,FT,AST,STL,BLK,PF,PTS
Monte Morris,PG,28,TOT,33,476,27,35,13,69,19,9,14,164
Monte Morris,PG,28,DET,6,68,2,10,1,8,1,1,1,27
Monte Morris,PG,28,MIN,27,408,25,25,12,61,18,8,13,137
Trey Murphy III,SF,23,NOP,57,1690,169,106,123,124,51,28,70,842
Dejounte Murray,SG,27,ATL,78,2783,201,471,208,502,111,24,138,1753
Jamal Murray,PG,26,DEN,59,1861,145,329,157,384,57,39,104,1250
Keegan Murray,SF,23,SAC,77,2588,183,260,103,129,79,59,205,1172
Kris Murray,SF,23,POR,62,1348,49,96,37,80,53,21,92,376
Mike Muscala,C,32,TOT,53,600,28,28,17,36,9,13,52,157
Mike Muscala,C,32,WAS,24,338,14,19,15,22,5,7,31,95
Mike Muscala,C,32,DET,13,171,13,2,2,10,3,5,13,45
Mike Muscala,C,32,OKC,16,91,1,7,0,4,1,1,8,17
Svi Mykhailiuk,SF,26,BOS,41,413,42,15,6,35,11,1,19,162
Larry Nance Jr.,C,31,NOP,61,1216,27,111,47,113,61,19,98,350
Pete Nance,PF,23,CLE,8,27,1,0,0,0,1,0,2,3
Andrew Nembhard,PG,24,IND,68,1697,61,199,45,280,63,6,143,626
Aaron Nesmith,SF,24,IND,72,1995,140,175,107,108,65,49,241,877
Georges Niang,PF,30,CLE,82,1831,149,135,51,98,30,18,192,768
Daishen Nix,PG,21,MIN,15,50,6,3,3,6,5,0,2,27
Zeke Nnaji,PF,23,DEN,58,576,6,63,42,32,15,38,81,186
Jaylen Nowell,SG,24,TOT,13,214,6,28,7,19,4,2,15,81
Jaylen Nowell,SG,24,MEM,9,156,4,18,3,16,3,0,13,51
Jaylen Nowell,SG,24,DET,4,58,2,10,4,3,1,2,2,30
Markquis Nowell,SG,24,TOR,1,4,0,0,2,2,1,0,0,2
Frank Ntilikina,PG,25,CHO,5,43,1,0,2,4,0,0,4,5
Jusuf Nurkić,C,29,PHO,76,2078,22,298,167,301,81,80,254,829
Jordan Nwora,SF,25,TOT,52,712,44,94,44,62,26,13,48,364
Jordan Nwora,SF,25,IND,18,183,11,26,9,18,6,1,19,94
Jordan Nwora,SF,25,TOR,34,529,33,68,35,44,20,12,29,270
Player,Pos,Age,Tm,G,MP,3P,2P,FT,AST,STL,BLK,PF,PTS
Royce O'Neale,SF,30,TOT,79,1954,156,58,24,219,59,44,174,608
Royce O'Neale,SF,30,BRK,49,1202,97,29,15,137,32,29,120,364
Royce O'Neale,SF,30,PHO,30,752,59,29,9,82,27,15,54,244
Chuma Okeke,SF,25,ORL,47,432,23,17,4,20,9,7,19,107
Josh Okogie,SG,25,PHO,60,960,29,57,76,64,48,24,68,277
Onyeka Okongwu,C,23,ATL,55,1405,23,200,92,74,26,60,162,561
Isaac Okoro,SF,23,CLE,69,1887,84,151,93,132,57,34,140,647
Kelly Olynyk,C,32,TOT,78,1759,60,216,150,347,74,30,230,762
Kelly Olynyk,C,32,UTA,50,1019,36,109,80,219,37,12,132,406
Kelly Olynyk,C,32,TOR,28,740,24,107,70,128,37,18,98,356
Eugene Omoruyi,SF,26,WAS,43,393,13,68,32,35,27,5,62,207
Cedi Osman,SF,28,SAS,72,1269,86,98,35,119,36,11,107,489
Kelly Oubre Jr.,SF,28,PHI,68,2055,101,286,174,101,77,47,194,1049
Chris Paul,PG,38,GSW,58,1531,78,128,43,393,70,6,108,533
Cameron Payne,PG,29,TOT,78,1304,104,104,58,205,42,11,126,578
Cameron Payne,PG,29,MIL,47,702,52,49,37,109,22,3,73,291
Cameron Payne,PG,29,PHI,31,602,52,55,21,96,20,8,53,287
Gary Payton II,SG,31,GSW,44,680,20,83,14,48,39,18,77,240
Mãozinha Pereira,SF,23,MEM,7,122,5,13,7,2,6,4,10,48
Drew Peterson,PF,24,BOS,3,23,3,1,0,1,2,0,1,11
Filip Petrušev,C,23,TOT,3,10,0,1,1,0,0,0,1,3
Filip Petrušev,C,23,PHI,1,3,0,0,0,0,0,0,0,0
Filip Petrušev,C,23,SAC,2,7,0,1,1,0,0,0,1,3
Julian Phillips,SF,20,CHI,40,323,12,20,13,13,7,7,40,89
Jalen Pickett,SG,24,DEN,27,122,9,6,3,21,4,0,13,42
Scotty Pippen Jr.,PG,23,MEM,21,527,30,70,41,98,36,10,60,271
Mason Plumlee,C,33,LAC,46,674,0,87,70,55,14,17,68,244
Brandin Podziemski,SG,20,GSW,74,1968,90,181,50,273,61,14,122,682
Player,Pos,Age,Tm,G,MP,3P,2P,FT,AST,STL,BLK,PF,PTS
Jakob Poeltl,C,28,TOR,50,1319,0,248,59,127,35,76,149,555
Aleksej Pokusevski,PF,22,TOT,28,405,18,31,30,35,15,13,22,146
Aleksej Pokusevski,PF,22,OKC,10,60,2,2,2,5,1,1,5,12
Aleksej Pokusevski,PF,22,CHO,18,345,16,29,28,30,14,12,17,134
Jordan Poole,SG,24,WAS,78,2346,184,306,192,343,86,25,244,1356
Craig Porter Jr.,PG,23,CLE,51,649,12,104,41,118,21,15,40,285
Jontay Porter,PF,24,TOR,26,360,20,20,15,60,20,20,35,115
Michael Porter Jr.,SF,25,DEN,81,2565,220,302,92,122,42,53,148,1356
Otto Porter Jr.,SF,30,TOR,15,174,8,6,3,8,5,5,19,39
Bobby Portis,PF,28,MIL,82,2008,100,366,98,104,68,34,189,1130
Kristaps Porziņģis,C,28,BOS,57,1690,110,278,259,115,42,111,156,1145
Micah Potter,PF,25,UTA,16,186,9,10,6,6,4,6,14,53
Dwight Powell,C,32,DAL,63,836,1,71,63,84,26,20,113,208
Norman Powell,SG,30,LAC,76,1990,167,206,143,82,43,22,137,1056
Jason Preston,PG,24,UTA,7,71,0,6,0,16,2,1,3,12
Joshua Primo,SG,21,LAC,2,10,0,1,0,0,0,1,0,2
Taurean Prince,PF,29,LAL,78,2108,141,112,50,119,58,35,146,697
Payton Pritchard,PG,26,BOS,82,1825,147,150,46,281,39,6,106,787
Olivier-Maxence Prosper,PF,21,DAL,40,336,13,27,28,22,7,4,20,121
Trevelin Queen,SG,26,ORL,14,165,3,11,9,18,7,5,15,40
Neemias Queta,C,24,BOS,28,333,0,67,20,20,13,21,50,154
Immanuel Quickley,PG-SG,24,TOT,68,1985,171,217,209,331,50,10,119,1156
Immanuel Quickley,SG,24,NYK,30,720,64,88,82,74,16,3,44,450
Immanuel Quickley,PG,24,TOR,38,1265,107,129,127,257,34,7,75,706
Player,Pos,Age,Tm,G,MP,3P,2P,FT,AST,STL,BLK,PF,PTS
Lester Quinones,SG,23,GSW,37,394,32,24,20,36,6,2,44,164
Jahmi'us Ramsey,SG,22,TOR,7,121,6,12,5,8,7,0,10,47
Julius Randle,PF,29,NYK,46,1630,76,319,236,229,25,12,125,1102
Duop Reath,C,27,POR,68,1214,88,142,69,67,33,38,161,617
Austin Reaves,SG,25,LAL,82,2629,154,303,232,450,66,25,153,1300
Cam Reddish,SF,24,LAL,48,984,37,54,41,48,47,14,64,260
Paul Reed,C,24,PHI,82,1590,21,238,61,109,67,84,198,600
Naz Reid,C,24,MIN,81,1964,169,237,109,106,63,73,172,1090
Jared Rhoden,SG,24,DET,17,245,12,21,5,14,3,13,28,83
Nick Richards,C,26,CHO,67,1759,0,260,132,54,26,74,176,652
Josh Richardson,SG,30,MIA,43,1103,66,88,51,105,24,14,76,425
Duncan Robinson,SF,29,MIA,68,1905,187,117,80,192,46,16,163,875
Jerome Robinson,SG,26,GSW,22,81,2,9,7,5,1,3,5,31
Mitchell Robinson,C,25,NYK,31,768,0,73,27,18,37,35,55,173
Orlando Robinson,C,23,MIA,36,304,8,28,19,34,7,8,35,99
Jeremiah Robinson-Earl,PF,23,NOP,39,334,13,32,12,21,10,4,24,115
David Roddy,PF,22,TOT,65,1177,48,117,47,80,27,11,72,425
David Roddy,PF,22,MEM,48,1114,47,108,46,76,25,11,68,403
David Roddy,PF,22,PHO,17,63,1,9,1,4,2,0,4,22
Ryan Rollins,PG,21,TOT,13,78,3,11,13,14,10,3,8,44
Ryan Rollins,PG,21,WAS,10,66,2,11,13,11,8,3,7,41
Ryan Rollins,PG,21,MIL,3,12,1,0,0,3,2,0,1,3
Derrick Rose,PG,35,MEM,24,399,15,61,24,78,8,2,21,191
Terry Rozier,PG-SG,29,TOT,61,2040,149,293,172,342,63,21,101,1205
Terry Rozier,SG,29,CHO,30,1065,83,169,109,198,32,12,52,696
Terry Rozier,PG,29,MIA,31,975,66,124,63,144,31,9,49,509
Player,Pos,Age,Tm,G,MP,3P,2P,FT,AST,STL,BLK,PF,PTS
Rayan Rupert,SG,19,POR,39,633,28,26,19,62,12,3,56,155
D'Angelo Russell,PG,27,LAL,76,2484,226,266,159,482,69,36,156,1369
Matt Ryan,SF,26,NOP,28,390,41,8,13,18,6,1,32,152
Domantas Sabonis,C,27,SAC,82,2928,33,601,292,673,74,48,250,1593
Luka Šamanić,PF,24,UTA,43,404,13,47,44,19,5,7,32,177
Jermaine Samuels,SF,25,HOU,14,60,0,9,2,3,1,2,5,20
Adama Sanogo,PF,21,CHI,9,66,0,14,8,0,1,0,5,36
Gui Santos,PF,21,GSW,23,192,10,18,16,14,4,2,23,82
Dario Šarić,C,29,GSW,64,1098,74,107,79,144,31,10,112,515
Olivier Sarr,C,24,OKC,15,98,2,9,10,2,0,7,18,34
Marcus Sasser,PG,23,DET,71,1351,90,129,58,236,44,12,103,586
Admiral Schofield,PF,26,ORL,23,84,6,4,0,7,1,0,9,26
Dennis Schröder,PG,30,TOT,80,2486,138,265,178,488,63,17,164,1122
Dennis Schröder,PG,30,TOR,51,1559,77,170,127,313,46,8,105,698
Dennis Schröder,PG,30,BRK,29,927,61,95,51,175,17,9,59,424
Dereon Seabron,SG,23,NOP,6,55,1,3,5,5,2,1,4,14
Alperen Sengun,C,21,HOU,63,2046,33,494,244,312,76,46,211,1331
Brice Sensabaugh,SF,20,UTA,32,584,34,51,37,55,13,6,43,241
Collin Sexton,SG,25,UTA,78,2075,128,378,318,383,62,18,154,1458
Landry Shamet,SG,26,WAS,46,726,53,65,38,54,25,10,76,327
Day'Ron Sharpe,C,22,BRK,61,921,4,164,75,85,24,44,131,415
Shaedon Sharpe,SG,20,POR,32,1059,60,116,98,94,28,12,88,510
Player,Pos,Age,Tm,G,MP,3P,2P,FT,AST,STL,BLK,PF,PTS
Ben Sheppard,SG,22,IND,57,814,49,41,23,53,33,2,88,252
Pascal Siakam,PF,29,TOT,80,2657,85,596,290,342,63,25,193,1737
Pascal Siakam,PF,29,TOR,39,1354,46,279,169,190,32,10,87,865
Pascal Siakam,PF,29,IND,41,1303,39,317,121,152,31,15,106,872
Ben Simmons,PG,27,BRK,15,359,0,43,6,86,12,9,36,92
Kobi Simmons,PG,26,TOR,4,67,2,7,0,12,6,2,5,20
Anfernee Simons,SG,24,POR,46,1582,156,204,163,255,23,5,98,1039
Zavier Simpson,PG,26,MEM,7,161,5,12,3,25,7,3,11,42
Jericho Sims,C,25,NYK,45,585,0,38,16,25,8,19,45,92
Dmytro Skapintsev,C,25,NYK,2,2,0,0,0,0,0,0,0,0
Jalen Slawson,SF,24,SAC,12,37,0,4,0,2,1,1,8,8
Javonte Smart,PG,24,PHI,1,1,0,0,0,0,0,0,0,0
Marcus Smart,PG,29,MEM,20,605,42,60,43,86,41,5,53,289
Dennis Smith Jr.,PG,26,BRK,56,1059,32,115,43,203,68,12,121,369
Dru Smith,SG,26,MIA,9,131,7,8,2,14,9,3,12,39
Ish Smith,PG,35,CHO,43,741,4,62,3,145,17,4,49,139
Jabari Smith Jr.,PF,20,HOU,76,2424,138,240,150,121,52,61,200,1044
Jalen Smith,C,23,IND,61,1047,61,173,72,63,17,38,124,601
Nick Smith Jr.,SG,19,CHO,51,729,63,50,13,59,10,7,55,302
Terquavion Smith,PG,21,PHI,16,84,13,5,3,12,8,0,8,52
Jeremy Sochan,PF,20,SAS,74,2193,70,270,111,249,62,40,168,861
Pat Spencer,PG,27,GSW,6,26,0,2,0,5,0,0,1,4
Player,Pos,Age,Tm,G,MP,3P,2P,FT,AST,STL,BLK,PF,PTS
Jaden Springer,SG-PG,21,TOT,49,507,10,49,35,44,36,15,66,163
Jaden Springer,SG,21,PHI,32,377,8,38,28,35,25,11,49,128
Jaden Springer,PG,21,BOS,17,130,2,11,7,9,11,4,17,35
Lamar Stevens,PF,26,TOT,38,559,14,94,42,28,23,22,45,272
Lamar Stevens,PF,26,BOS,19,122,3,18,8,8,6,5,14,53
Lamar Stevens,PF,26,MEM,19,437,11,76,34,20,17,17,31,219
Isaiah Stewart,PF,22,DET,46,1423,67,119,64,73,17,38,99,503
Julian Strawther,SF,21,DEN,50,545,41,41,22,47,17,7,54,227
Max Strus,SF,27,CLE,70,2239,168,136,77,283,64,29,170,853
Jalen Suggs,SG,22,ORL,75,2025,153,183,118,205,106,47,205,943
Cole Swider,SF,24,MIA,18,87,10,5,2,5,1,1,4,42
Jae'Sean Tate,SF,28,HOU,65,1031,23,85,26,64,42,15,137,265
Jayson Tatum,PF,25,BOS,74,2645,229,443,414,364,75,43,145,1987
Terry Taylor,PF,24,CHI,31,188,2,18,4,10,5,2,17,46
Garrett Temple,SG,37,TOR,27,289,12,17,18,28,12,3,28,88
Dalen Terry,SG,21,CHI,59,681,17,52,25,81,27,18,81,180
Daniel Theis,C,31,TOT,60,1015,26,130,38,61,21,51,127,376
Daniel Theis,C,31,IND,1,8,0,1,0,0,0,0,1,2
Daniel Theis,C,31,LAC,59,1007,26,129,38,61,21,51,126,374
Cam Thomas,SG,22,BRK,66,2075,144,382,286,192,45,16,138,1482
Isaiah Thomas,PG,34,PHO,6,19,2,1,0,3,0,0,0,8
Amen Thompson,SF,21,HOU,62,1388,8,231,106,163,78,38,141,592
Ausar Thompson,SF,21,DET,63,1583,21,211,71,120,68,59,175,556
Klay Thompson,SF,33,GSW,77,2284,268,222,127,176,50,35,127,1375
Tristan Thompson,C,32,CLE,49,549,0,73,15,51,12,14,59,161
JT Thor,PF,21,CHO,63,781,28,52,11,29,11,27,60,199
Player,Pos,Age,Tm,G,MP,3P,2P,FT,AST,STL,BLK,PF,PTS
Matisse Thybulle,SF,26,POR,65,1487,80,46,22,90,113,49,93,354
Xavier Tillman Sr.,C-PF,25,TOT,54,974,20,101,22,77,51,44,75,284
Xavier Tillman Sr.,C,25,MEM,34,700,12,75,18,57,42,35,60,204
Xavier Tillman Sr.,PF,25,BOS,20,274,8,26,4,20,9,9,15,80
Jacob Toppin,SF,23,NYK,9,38,1,4,2,3,0,1,3,13
Obi Toppin,PF,25,IND,82,1730,102,230,77,128,47,43,143,843
Juan Toscano-Anderson,SF,30,SAC,11,53,1,2,0,4,1,1,11,7
Karl-Anthony Towns,PF,28,MIN,62,2026,136,343,255,189,43,41,204,1349
Gary Trent Jr.,SG,25,TOR,71,1994,178,183,74,119,77,10,96,974
Oscar Tshiebwe,PF,24,IND,8,42,0,10,6,2,2,1,3,26
P.J. Tucker,PF,38,TOT,31,486,13,5,3,16,16,7,54,52
P.J. Tucker,PF,38,PHI,3,66,2,0,0,0,3,2,9,6
P.J. Tucker,PF,38,LAC,28,420,11,5,3,16,13,5,45,46
Myles Turner,C,27,IND,77,2076,116,360,245,100,39,144,232,1313
Hunter Tyson,PF,23,DEN,18,48,4,4,0,2,1,0,10,20
Stanley Umude,SG,24,DET,24,307,24,13,29,11,8,7,40,127
Jonas Valančiūnas,C,31,NOP,82,1925,37,365,161,173,32,68,218,1002
Jarred Vanderbilt,PF,24,LAL,29,581,8,51,24,36,36,5,43,150
Fred VanVleet,PG,29,HOU,73,2684,227,196,197,589,101,59,183,1270
Devin Vassell,SG,23,SAS,68,2248,166,332,161,277,73,23,74,1323
Sasha Vezenkov,PF,28,SAC,42,511,45,39,12,19,20,7,42,225
Gabe Vincent,PG,27,LAL,11,218,3,12,1,21,9,0,19,34
Nikola Vučević,C,33,CHI,76,2610,92,494,106,254,50,60,190,1370
Tristan Vukcevic,C,20,WAS,10,153,10,19,17,13,5,7,28,85
Player,Pos,Age,Tm,G,MP,3P,2P,FT,AST,STL,BLK,PF,PTS
Dean Wade,PF,27,CLE,54,1108,79,17,20,43,40,25,93,291
Franz Wagner,SF,22,ORL,72,2337,94,434,271,269,76,28,168,1421
Moritz Wagner,C,26,ORL,80,1415,38,294,166,96,39,21,160,868
Ish Wainright,SF,29,TOT,11,62,7,0,2,1,4,1,8,23
Ish Wainright,SF,29,POR,7,46,6,0,2,0,2,1,4,20
Ish Wainright,SF,29,PHO,4,16,1,0,0,1,2,0,4,3
Jabari Walker,SF,21,POR,72,1700,41,193,129,71,42,22,173,638
Jarace Walker,PF,20,IND,33,340,22,23,8,40,15,11,29,120
Lonnie Walker IV,SG,25,BRK,58,1011,104,104,45,74,32,20,71,565
Cason Wallace,SG,20,OKC,82,1692,98,119,29,120,76,37,129,561
Jordan Walsh,SF,19,BOS,9,83,2,4,1,5,5,1,11,15
T.J. Warren,SF,30,MIN,11,125,2,16,3,9,4,1,11,41
P.J. Washington,PF,25,TOT,73,2221,132,222,99,141,72,59,169,939
P.J. Washington,PF,25,CHO,44,1286,79,148,67,97,38,32,112,600
P.J. Washington,PF,25,DAL,29,935,53,74,32,44,34,27,57,339
TyTy Washington Jr.,PG,22,MIL,11,56,2,4,0,5,3,0,1,14
Yuta Watanabe,SF,29,TOT,34,464,25,16,10,15,12,7,39,117
Yuta Watanabe,SF,29,PHO,29,382,24,11,10,10,9,7,34,104
Yuta Watanabe,SF,29,MEM,5,82,1,5,0,5,3,0,5,13
Lindy Waters III,SG,26,OKC,38,280,37,12,2,24,5,7,23,137
Trendon Watford,PF,23,BRK,63,856,27,137,77,81,23,19,106,432
Peyton Watson,SF,21,DEN,80,1488,45,163,71,86,42,88,143,532
Victor Wembanyama,C,20,SAS,71,2106,128,423,292,274,88,254,153,1522
Blake Wesley,SG,20,SAS,61,876,12,90,52,166,29,9,89,268
Russell Westbrook,PG,35,LAC,68,1529,42,259,110,306,74,23,121,754
Coby White,PG,23,CHI,79,2881,209,332,218,405,53,18,186,1509
Player,Pos,Age,Tm,G,MP,3P,2P,FT,AST,STL,BLK,PF,PTS
Derrick White,SG,29,BOS,73,2381,196,191,137,377,74,87,152,1107
Jack White,SF,26,MEM,4,64,2,0,0,1,4,1,3,6
Cam Whitmore,SF,19,HOU,47,880,79,133,76,33,30,17,64,579
Aaron Wiggins,SG,25,OKC,78,1228,62,150,56,86,56,19,91,542
Andrew Wiggins,SF,28,GSW,71,1920,91,262,142,119,42,41,147,939
Lindell Wigginton,PG,25,MIL,3,8,0,2,2,0,0,0,1,6
Alondes Williams,SG,24,MIA,7,16,0,2,1,0,0,1,2,5
Brandon Williams,PG,24,DAL,17,113,3,17,11,17,1,1,4,54
Grant Williams,PF,25,TOT,76,2130,126,150,106,174,44,39,226,784
Grant Williams,PF,25,DAL,47,1242,79,52,41,81,24,27,137,382
Grant Williams,PF,25,CHO,29,888,47,98,65,93,20,12,89,402
Jalen Williams,PF,22,OKC,71,2223,103,433,180,322,80,45,175,1355
Jaylin Williams,C,21,OKC,69,897,53,42,33,110,28,27,98,276
Jeenathan Williams,SG,24,HOU,22,129,2,25,7,7,4,1,10,63
Kenrich Williams,PF,29,OKC,69,1029,56,75,7,93,38,9,101,325
Malik Williams,C,25,TOR,7,107,1,8,0,2,3,4,15,19
Mark Williams,C,22,CHO,19,508,0,98,46,22,16,20,50,242
Patrick Williams,PF,22,CHI,43,1174,59,100,52,66,40,33,87,429
Robert Williams,C,26,POR,6,119,0,17,7,5,7,7,17,41
Vince Williams Jr.,SG,23,MEM,52,1436,79,90,104,175,47,34,135,521
Ziaire Williams,SF,22,MEM,51,1038,58,92,62,75,36,9,85,420
Zion Williamson,PF,23,NOP,70,2207,6,618,347,352,77,47,159,1601
Player,Pos,Age,Tm,G,MP,3P,2P,FT,AST,STL,BLK,PF,PTS
D.J. Wilson,PF,27,PHI,2,15,2,2,0,2,0,2,1,10
Jalen Wilson,PF,23,BRK,43,664,24,52,38,45,11,4,48,214
Dylan Windler,SF,27,TOT,17,108,13,2,0,10,2,0,6,43
Dylan Windler,SF,27,NYK,3,7,1,0,0,1,0,0,1,3
Dylan Windler,SF,27,LAL,8,28,4,0,0,6,0,0,2,12
Dylan Windler,SF,27,ATL,6,73,8,2,0,3,2,0,3,28
James Wiseman,C,22,DET,63,1091,0,187,72,54,12,39,141,446
Isaiah Wong,SG,23,IND,1,4,0,1,0,0,0,0,0,2
Christian Wood,PF,28,LAL,50,872,35,88,66,49,16,33,72,347
Delon Wright,PG,31,TOT,47,742,25,49,37,119,54,11,32,210
Delon Wright,PG,31,WAS,33,456,14,34,24,82,35,8,22,134
Delon Wright,PG,31,MIA,14,286,11,15,13,37,19,3,10,76
Thaddeus Young,PF,35,TOT,33,439,1,64,6,57,23,5,49,137
Thaddeus Young,PF,35,TOR,23,350,1,53,5,50,18,3,38,114
Thaddeus Young,PF,35,PHO,10,89,0,11,1,7,5,2,11,23
Trae Young,PG,25,ATL,54,1942,175,258,348,583,72,11,109,1389
Omer Yurtseven,C,25,UTA,48,545,5,94,19,29,8,18,52,222
Cody Zeller,C,31,NOP,43,320,1,25,23,39,9,5,45,76
Ivica Zubac,C,26,LAC,68,1794,0,337,120,93,22,83,180,794
